idx,text,label
0,"Dear Team, I wanted to discuss the upcoming product launch and address some concerns about our marketing strategy. Regards, John Smith",Product Launch
1,"Good morning, I need the quarterly financial report by end of day. Thanks, Emily Turner",Financial Report
2,"I am pleased to announce that we have successfully completed the merger with XYZ Corp. Cheers, Michael Johnson",Merger Announcement
3,"Please review the attached employee satisfaction survey results and provide feedback by next week. Best, Lisa Chen",Employee Feedback
4,Our new sustainability initiatives are ready for implementation. Let's make a positive impact together. - Robert Brown,Sustainability Initiative
5,"We are excited to announce the launch of our revolutionary 'EcoSmart' appliance line. This innovation promises to redefine energy efficiency in the household. Cheers, Alice Williams",
6,"Please find attached the detailed financial report for Q1. Kindly review and prepare for the upcoming meeting. Regards, Jennifer Wu",Financial Report
7,"We are excited to announce the merger with ABC Inc., which will bring significant growth opportunities. Congratulations team, - Samantha Lee",Merger Announcement
8,"I've noticed that the new coffee machine in the break room isn't working properly. It's always out of water. Could someone look into this issue? Thanks, Sarah Lee",Employee Feedback
9,"Dear Team, I'm thrilled to announce our new 'Green Office' program aiming to reduce our carbon footprint. Your participation is crucial. Regards, Angela Reed",Sustainability Initiative
10,"Dear Team, I wanted to discuss the upcoming product launch and address some concerns about our marketing strategy. Regards, John Smith",Product Launch
11,"As per our last meeting, I've compiled the annual budget forecast for the next fiscal year. Please find the attached document. Regards, Sarah Parker",Financial Report
12,"As we move forward with our strategic plan, we will be merging with ABC Inc. to expand our market reach. Kindly join our upcoming meeting to discuss the details. - Sandra Lee",Merger Announcement
13,"I've noticed that the new coffee machine in the break room isn't working properly. It's always out of water. Could someone look into this issue? Thanks, Sarah Lee",Employee Feedback
14,"Hello All, We are proud to announce our new recycling program to reduce waste in our offices. Cheers, Sarah Adams",Sustainability Initiative
15,"Our 'SmartFit' running shoe line is hitting the markets next month. It features our patented compression technology. Looking forward to a successful launch. Regards, Mark Roberts",
16,We need to discuss the financial projections for the next fiscal year. Let's schedule a meeting. - Sandra Kim,Financial Projections
17,"To all staff, please note that a merger with XYZ Corp. is finalized. Further details will be shared in the upcoming team meeting. - David Green",Merger Announcement
18,The new team-building activity was a great success! Everyone enjoyed the escape room experience and we learned a lot about each other. Thank you for organizing this. - Mark Davis,Employee Feedback
19,"Reminder: Please ensure all office supplies are sourced from eco-friendly suppliers. We're committed to sustainability. Best, David Kim",Sustainability Initiative
20,"Good morning, I need the quarterly financial report by end of day. Thanks, Emily Turner",Financial Report
21,"Good morning, please review the latest investment portfolio performance and adjust strategies accordingly. Thanks, David Wilson",Financial Report
22,"In light of the recent merger between our company and DEF Enterprises, we are adjusting our organizational structure. Please review the attached memo for your new roles. - Thomas Green",Merger Announcement
23,The new team-building activities were a great success! Everyone seemed to enjoy the experience and we've seen an increase in collaboration. - Tom Williams,Employee Feedback
24,"The board has reviewed the proposed green building project and its alignment with our corporate social responsibility goals. Regards, Michael Johnson",Sustainability Initiative
25,"Team, the 'AquaPurify' water filtration system will be available in select stores next quarter. It's a game-changer in water purification. - Sandra Lee",
26,The financial report for this quarter shows a significant increase in revenue. This is a great indicator for our future growth. - Mark Taylor,Financial Performance
27,Please join us for the official press release about our merger with ABC Corp. - Sarah Kim,Merger Announcement
28,"The lunch menu has been changed, and I'm not a fan of the new options. Could we get back to the previous menu? Best, Olivia Taylor",Employee Feedback
29,"Our 'Eco-Partners' program with local communities will kick off next month. We're excited to see our joint efforts in environmental conservation. Cheers, Jessica Martinez",Sustainability Initiative
30,"I am pleased to announce that we have successfully completed the merger with XYZ Corp. Cheers, Michael Johnson",Merger Announcement
31,"Dear team, the financial statement for the second quarter has been released. Please analyze and prepare for the Q&A session next week. - Mark Anderson",Financial Report
32,I am thrilled to announce that we have finalized the merger with GHI Corp. We are now poised to become a stronger player in the industry. - Elizabeth Taylor,Merger Announcement
33,"I'm writing to express my gratitude for the recent training session on workplace safety. It's clear that the company takes employee well-being seriously, and I appreciate the effort to ensure a safe working environment. - Anita Gupta",Employee Feedback
34,Our company is committing to reducing our carbon footprint by 30% over the next five years. - Thomas Lee,Sustainability Initiative
35,"The 'SolarEdge' photovoltaic system has received EPA certification. We're rolling out the new models at the end of this month. Let's make a difference. Best, Raj Patel",
36,Attached is the preliminary financial report. Please confirm receipt and let me know if any adjustments are needed. - Alex Johnson,Preliminary Financial Report
37,I'm thrilled to announce our merger with LMN Enterprises. This is a milestone in our company's history. - Alex Johnson,Merger Announcement
38,Our annual company retreat was fantastic! I loved the team-building exercises and the leadership workshops. Looking forward to next year. - Alex Reed,Employee Feedback
39,"We're switching to digital receipts to minimize paper waste. This is a big step towards our sustainability goals. Thank you for your cooperation. Warmly, Tom Sanders",Sustainability Initiative
40,"Please review the attached employee satisfaction survey results and provide feedback by next week. Best, Lisa Chen",Employee Feedback
41,Please schedule a meeting with the finance department to discuss the revised tax planning for the next quarter. Kindly confirm availability. - Janet Roberts,Financial Report
42,"The merger between our company and JKL Industries is complete. As part of the integration process, we are introducing new policies and procedures. - Robert King",Merger Announcement
43,"The office relocation has caused some disruption, but I'm pleased with the overall outcome. The new space is more open and collaborative. - Michael Anderson",Employee Feedback
44,"We're implementing a carpooling system for our employees to reduce emissions. Thanks for your support, Linda Carter",Sustainability Initiative
45,"We're thrilled to introduce our 'VirtualSpace' conference room technology. With state-of-the-art virtual presence, it's set to transform corporate meetings. - John Chang",
46,The audit committee requests a detailed financial report for the past three years. This report should include all relevant financial statements and notes. - Jessica Li,Audit Request
47,Merger news: Our company has merged with GHI International. Details will follow. - William Davis,Merger Announcement
48,I'm having trouble accessing the company intranet from my home network. Can someone assist me with this? - Jessica Smith,Employee Feedback
49,"This quarter's recycling goals are set, and we need everyone's full commitment. Remember, every effort counts towards a greener future. Kind regards, Stephanie Wu",Sustainability Initiative
50,Our new sustainability initiatives are ready for implementation. Let's make a positive impact together. - Robert Brown,Sustainability Initiative
51,"Update on the current financial standing of the company and strategies to improve cash flow. Regards, Alex Kim",Financial Report
52,"We have successfully merged with MNO Group, and I am excited to share the roadmap for our combined future. Let's embrace the opportunities ahead. - William Harris",Merger Announcement
53,"Our department has been given the opportunity to work remotely twice a week, and I'm finding this arrangement to be very beneficial for my work-life balance. - Jessica Chen",Employee Feedback
54,It's great to see our efforts in using renewable energy paying off. Let's continue this momentum. - Robert Brown,Sustainability Initiative
55,The 'HealthTrack' wearable has just received FDA approval. We're launching in the fall to give consumers an unprecedented health monitoring experience. - Laura Kim,
56,I have completed the financial report for the last quarter and highlighted key areas for improvement. Please find the report attached. - Omar Ahmed,Financial Analysis
57,Join us for the official announcement of our merger with DEF Ltd. Mark your calendars! - Rachel Brown,Merger Announcement
58,The health benefits provided by the company are not being utilized well by many employees. Could we have a session on how to effectively use them? - John Davis,Employee Feedback
59,"Join us for our upcoming workshop on reducing energy consumption in the office. Let's learn how we can save more energy together. Regards, Mark Thompson",Sustainability Initiative
60,"Team, the upcoming product launch is scheduled for next month. We need everyone to be prepared for the big day. Let's ensure all our marketing materials are in place. Regards, Jane Doe",Product Launch
61,"Attached is the financial analysis report for the third quarter. Please review and provide any insights or recommendations. Best, Maria Gonzalez",Financial Report
62,"In accordance with our merger agreement with PQR Ltd., we will be integrating our customer service departments. Please attend the upcoming workshop for more information. - Olivia Brown",Merger Announcement
63,I've noticed that the new parking lot layout has resulted in longer commutes for some employees. It would be helpful if management could consider a reconfiguration. - James Kim,Employee Feedback
64,Our focus on sustainability will not only benefit the environment but also improve our brand image. - John Smith,Sustainability Initiative
65,Next month's unveiling of the 'SecureHome' smart security system will be a milestone for home safety. It's innovation at its best. - Keith Benson,
66,The financial report indicates a slight decrease in profits due to increased marketing expenses. We need to discuss strategies to optimize costs. - Elizabeth Moore,Profit Analysis
67,Our team is excited to share that we've officially merged with GHI Global. A celebration event is planned. - John Davis,Merger Announcement
68,The new parking lot arrangement is causing confusion and delays. Please address this issue as it's impacting our daily commute. - Emily Adams,Employee Feedback
69,"Our company has achieved ISO 14001 certification for environmental management. Let's continue to strive for excellence in sustainability. Cheers, Susan Lee",Sustainability Initiative
70,"As we approach the product launch, it's crucial that we have all hands on deck. The success of this event will significantly impact our company's future. - Tom Black",Product Launch
71,Financial report of the previous month is ready for review. Kindly prepare your feedback and suggestions. - Steve Harris,Financial Report
72,I am pleased to inform you that we have completed the merger with STU Inc. We will now be operating as a unified entity with a broader portfolio. - John Davis,Merger Announcement
73,"The company's new wellness program is a fantastic initiative. I've already signed up for the yoga classes, and I'm looking forward to participating. - Laura Hernandez",Employee Feedback
74,We're introducing biodegradable packaging for our products to reduce plastic waste. - Emily Turner,Sustainability Initiative
75,"The 'EduTech' platform is set to revolutionize online learning. Our next release includes AI-driven personalized tutoring. Regards, Diane Hopkins",
76,Please review the attached financial report and prepare a summary for the stakeholders' meeting. - John Lee,Summary Financial Report
77,Update on our corporate journey: The merger with JKL Corporation has been completed. - Jessica Lee,Merger Announcement
78,I've received excellent support from the HR department regarding my leave request. Thanks for your prompt assistance. - David Johnson,Employee Feedback
79,"Important: All department heads must review and implement the new sustainability guidelines. Our planet's health depends on our actions. Best, Daniel Rodriguez",Sustainability Initiative
80,I'm thrilled to share that the new product we've been working on for months is finally ready for launch. Let's make it a memorable one. - Sarah Green,Product Launch
81,Please find attached the projected financial statement for the next year. Let's discuss the assumptions during our next team meeting. - Olivia Chen,Financial Report
82,"The merger with VWX Corporation has been finalized. As part of the process, we are offering voluntary severance packages to eligible employees. - Rachel Wilson",Merger Announcement
83,I'm writing to report a concern regarding the recent changes to our vacation policy. The new rules seem to unfairly restrict employees' ability to take time off. - Brian Wilson,Employee Feedback
84,"The company is investing in local community projects that promote sustainability. Best, Lisa Chen",Sustainability Initiative
85,"Our 'GardenGrow' smart planters are here! They're smart, sustainable, and perfect for urban gardening enthusiasts. - Oscar Matthews",
86,"The financial report shows a strong balance sheet, with increased liquidity and asset turnover. Good job team! - Maria Gomez",Financial Health
87,We're proud to announce our merger with MNO Inc. This strategic move will position us better in the market. - Michael Smith,Merger Announcement
88,I'm unhappy with the lack of communication regarding the upcoming restructuring. It's causing unnecessary anxiety among employees. - Laura White,Employee Feedback
89,"Reminder: Our commitment to reducing single-use plastics has resulted in a 20% reduction this quarter. Keep up the great work. Warmly, Rachel Kim",Sustainability Initiative
90,Please update the company calendar with the date and time for the product launch. Let's make sure it's a smooth and successful event. - Mark White,Product Launch
91,"Update on the financial performance of our subsidiaries. We've seen significant growth this quarter. Regards, Ethan Walker",Financial Report
92,"Our company has merged with YZ Corporation, and we are excited to introduce new services and products to our combined customer base. - David Thompson",Merger Announcement
93,I'd like to commend the HR team for their quick response to the employee recognition program. The awards ceremony was well-organized and appreciated. - Jessica Kim,Employee Feedback
94,We need to prioritize eco-friendly options in our supply chain. - Michael Johnson,Sustainability Initiative
95,The 'PowerCell' battery pack is an upgrade from our previous models. It offers double the power and is perfect for power-hungry devices. Let's go electric. - Patricia Young,
96,This financial report outlines our budget allocations for the next year. Let's ensure we stay on track with our financial goals. - David Park,Budget Report
97,Important: We have merged with PQR Ltd. Prepare for changes in the upcoming weeks. - Laura White,Merger Announcement
98,The training sessions on data privacy and security are essential for our team. I appreciate the proactive approach to ensure our compliance. - Richard Brown,Employee Feedback
99,"Our 'Zero-Waste Campaign' has made significant strides, and we're thrilled with the progress. Stay tuned for more updates on our sustainability journey. Cheers, John Carter",Sustainability Initiative
